,season,passer_id,passer,pass,complete_pass,interception,sack,yards_gained,touchdown
0,2019,00-0019596,T.Brady,726,393.0,9.0,27.0,4116.0,28.0
1,2019,00-0020531,D.Brees,448,307.0,5.0,15.0,3072.0,28.0
2,2019,00-0021206,J.McCown,39,21.0,0.0,6.0,191.0,0.0
3,2019,00-0022787,M.Schaub,73,50.0,1.0,2.0,563.0,3.0
4,2019,00-0022803,E.Manning,160,91.0,5.0,5.0,1004.0,6.0
5,2019,00-0022824,A.Lee,1,1.0,0.0,0.0,26.0,0.0
6,2019,00-0022924,B.Roethlisberger,74,35.0,1.0,2.0,351.0,0.0
7,2019,00-0022942,P.Rivers,676,390.0,20.0,34.0,4428.0,25.0
8,2019,00-0023459,A.Rodgers,756,400.0,6.0,41.0,4470.0,31.0
9,2019,00-0023534,D.Colquitt,2,0.0,0.0,0.0,0.0,0.0
10,2019,00-0023682,R.Fitzpatrick,614,311.0,13.0,40.0,3593.0,26.0
11,2019,00-0024417,S.Koch,1,1.0,0.0,0.0,-2.0,0.0
12,2019,00-0025708,M.Moore,103,59.0,0.0,8.0,597.0,4.0
13,2019,00-0025825,B.Kern,3,2.0,0.0,0.0,39.0,0.0
14,2019,00-0026035,D.Amendola,1,1.0,0.0,0.0,19.0,1.0
15,2019,00-0026143,M.Ryan,731,408.0,14.0,48.0,4302.0,29.0
16,2019,00-0026158,J.Flacco,313,171.0,5.0,26.0,1651.0,7.0
17,2019,00-0026498,M.Stafford,332,187.0,5.0,18.0,2416.0,19.0
18,2019,00-0026544,C.Daniel,78,45.0,2.0,7.0,391.0,3.0
19,2019,00-0026625,B.Hoyer,75,35.0,4.0,5.0,332.0,5.0
20,2019,00-0027150,J.Edelman,2,2.0,0.0,0.0,47.0,1.0
21,2019,00-0027685,E.Sanders,1,1.0,0.0,0.0,35.0,1.0
22,2019,00-0027688,C.McCoy,37,18.0,1.0,6.0,92.0,0.0
23,2019,00-0027939,C.Newton,98,50.0,1.0,6.0,532.0,0.0
24,2019,00-0027973,A.Dalton,601,314.0,14.0,37.0,3304.0,21.0
25,2019,00-0028002,R.Cobb,1,0.0,0.0,0.0,0.0,0.0
26,2019,00-0028064,B.Powell,1,0.0,0.0,0.0,0.0,0.0
27,2019,00-0028118,T.Taylor,6,4.0,0.0,0.0,33.0,1.0
28,2019,00-0028872,J.Hekker,3,2.0,1.0,0.0,28.0,0.0
29,2019,00-0028986,C.Keenum,286,160.0,5.0,15.0,1577.0,13.0
30,2019,00-0029263,R.Wilson,735,380.0,5.0,54.0,4818.0,39.0
31,2019,00-0029567,N.Foles,136,77.0,2.0,8.0,685.0,4.0
32,2019,00-0029604,K.Cousins,586,347.0,7.0,36.0,3807.0,28.0
33,2019,00-0029623,A.Tanney,1,1.0,0.0,0.0,1.0,0.0
34,2019,00-0029664,J.Gordon,1,0.0,1.0,0.0,0.0,0.0
35,2019,00-0029665,R.Griffin III,45,23.0,2.0,5.0,222.0,1.0
36,2019,00-0029701,R.Tannehill,423,237.0,7.0,36.0,3044.0,29.0
37,2019,00-0029857,R.Griffin III,4,2.0,0.0,0.0,18.0,0.0
38,2019,00-0030085,K.Stills,1,0.0,0.0,1.0,-14.0,0.0
39,2019,00-0030465,K.Barner,1,1.0,0.0,0.0,3.0,0.0
40,2019,00-0030520,M.Glennon,10,6.0,0.0,0.0,56.0,1.0
41,2019,00-0030533,M.Barkley,53,27.0,3.0,2.0,349.0,0.0
42,2019,00-0030564,D.Hopkins,2,1.0,1.0,0.0,6.0,1.0
43,2019,00-0030669,A.Wilson,3,1.0,0.0,1.0,10.0,0.0
44,2019,00-0031051,J.Brown,3,2.0,0.0,0.0,44.0,2.0
45,2019,00-0031062,J.White,1,1.0,0.0,0.0,35.0,0.0
46,2019,00-0031076,D.Fales,1,0.0,0.0,1.0,-7.0,0.0
47,2019,00-0031235,O.Beckham,2,1.0,0.0,0.0,20.0,0.0
48,2019,00-0031237,T.Bridgewater,235,133.0,2.0,12.0,1335.0,9.0
49,2019,00-0031280,D.Carr,576,361.0,8.0,29.0,3947.0,26.0
50,2019,00-0031288,A.McCarron,47,21.0,1.0,5.0,221.0,1.0
51,2019,00-0031325,S.Watkins,1,0.0,0.0,1.0,-5.0,0.0
52,2019,00-0031345,J.Garoppolo,629,366.0,16.0,40.0,4205.0,31.0
53,2019,00-0031363,M.Palardy,1,1.0,0.0,0.0,12.0,0.0
54,2019,00-0031395,G.Gilbert,3,0.0,0.0,0.0,0.0,0.0
55,2019,00-0031407,B.Bortles,2,1.0,0.0,0.0,3.0,0.0
56,2019,00-0031503,J.Winston,743,380.0,30.0,47.0,5079.0,40.0
57,2019,00-0031588,S.Diggs,2,0.0,0.0,1.0,-6.0,0.0
58,2019,00-0031589,B.Hundley,15,5.0,0.0,2.0,64.0,0.0
59,2019,00-0032156,T.Siemian,11,3.0,0.0,2.0,-14.0,0.0
60,2019,00-0032245,S.Mannion,22,12.0,2.0,0.0,126.0,0.0
61,2019,00-0032268,M.Mariota,209,96.0,2.0,25.0,1133.0,7.0
62,2019,00-0032434,B.Allen,105,39.0,2.0,9.0,485.0,3.0
63,2019,00-0032436,J.Driskel,138,62.0,4.0,11.0,746.0,4.0
64,2019,00-0032543,A.Erickson,1,1.0,0.0,0.0,26.0,0.0
65,2019,00-0032764,D.Henry,2,1.0,0.0,0.0,3.0,1.0
66,2019,00-0032943,R.Dixon,1,0.0,0.0,0.0,0.0,0.0
67,2019,00-0032950,C.Wentz,720,389.0,7.0,38.0,3991.0,27.0
68,2019,00-0033077,D.Prescott,678,388.0,11.0,23.0,4899.0,32.0
69,2019,00-0033106,J.Goff,705,394.0,16.0,22.0,4506.0,26.0
70,2019,00-0033119,J.Brissett,541,272.0,6.0,27.0,2986.0,22.0
71,2019,00-0033251,Z.Pascal,1,0.0,0.0,0.0,0.0,0.0
72,2019,00-0033280,C.McCaffrey,2,0.0,0.0,0.0,0.0,0.0
73,2019,00-0033357,T.Hill,10,4.0,0.0,1.0,113.0,0.0
74,2019,00-0033400,M.Haack,2,1.0,0.0,0.0,1.0,1.0
75,2019,00-0033537,D.Watson,717,384.0,12.0,55.0,4523.0,34.0
76,2019,00-0033787,J.Elliott,1,0.0,1.0,0.0,0.0,0.0
77,2019,00-0033869,M.Trubisky,607,326.0,10.0,38.0,3027.0,17.0
78,2019,00-0033873,P.Mahomes,729,391.0,7.0,23.0,5149.0,39.0
79,2019,00-0033906,A.Kamara,1,1.0,0.0,0.0,13.0,0.0
80,2019,00-0033908,C.Kupp,1,0.0,0.0,0.0,0.0,0.0
81,2019,00-0033923,K.Hunt,1,0.0,0.0,1.0,-8.0,0.0
82,2019,00-0034064,C.Wadman,1,0.0,0.0,1.0,-7.0,0.0
83,2019,00-0034177,T.Boyle,5,3.0,0.0,0.0,15.0,0.0
84,2019,00-0034331,J.Samuels,5,4.0,1.0,0.0,35.0,0.0
85,2019,00-0034343,J.Rosen,137,58.0,5.0,16.0,487.0,1.0
86,2019,00-0034348,C.Sutton,1,1.0,0.0,0.0,38.0,0.0
87,2019,00-0034412,L.Falk,96,47.0,3.0,16.0,320.0,2.0
88,2019,00-0034437,L.Cooke,3,2.0,0.0,1.0,-3.0,0.0
89,2019,00-0034577,K.Allen,576,303.0,16.0,46.0,3025.0,18.0
90,2019,00-0034771,M.Rudolph,331,176.0,9.0,15.0,1691.0,13.0
91,2019,00-0034796,L.Jackson,555,296.0,8.0,27.0,3825.0,38.0
92,2019,00-0034855,B.Mayfield,644,317.0,21.0,40.0,3678.0,25.0
93,2019,00-0034857,J.Allen,623,295.0,9.0,41.0,3424.0,24.0
94,2019,00-0034860,D.Pettis,1,1.0,0.0,0.0,16.0,0.0
95,2019,00-0034869,S.Darnold,517,273.0,13.0,33.0,2883.0,19.0
96,2019,00-0034928,S.Sims,1,0.0,0.0,0.0,0.0,0.0
97,2019,00-0034941,M.Wishnowsky,1,0.0,0.0,0.0,0.0,0.0
98,2019,00-0034959,A.Beck,1,1.0,0.0,0.0,6.0,0.0
99,2019,00-0035040,D.Blough,210,94.0,6.0,14.0,912.0,5.0
100,2019,00-0035228,K.Murray,655,349.0,12.0,48.0,3613.0,23.0
101,2019,00-0035232,D.Haskins,256,119.0,7.0,29.0,1243.0,9.0
102,2019,00-0035251,W.Grier,64,28.0,4.0,6.0,206.0,1.0
103,2019,00-0035264,J.Stidham,5,2.0,1.0,1.0,7.0,1.0
104,2019,00-0035289,G.Minshew II,594,285.0,6.0,33.0,3443.0,22.0
105,2019,00-0035297,K.Harmon,1,1.0,0.0,0.0,11.0,0.0
106,2019,00-0035350,P.Williams,1,0.0,0.0,1.0,-1.0,0.0
107,2019,00-0035577,D.Hodges,196,100.0,8.0,15.0,1033.0,5.0
108,2019,00-0035652,R.Finley,110,41.0,2.0,11.0,450.0,4.0
109,2019,00-0035704,D.Lock,186,100.0,3.0,5.0,1068.0,7.0
110,2019,00-0035710,D.Jones,563,284.0,12.0,38.0,2964.0,29.0
111,2020,00-0019596,T.Brady,824,482.0,15.0,27.0,5522.0,52.0
112,2020,00-0020531,D.Brees,496,322.0,9.0,13.0,3255.0,27.0
113,2020,00-0022824,A.Lee,1,1.0,0.0,0.0,26.0,0.0
114,2020,00-0022924,B.Roethlisberger,743,446.0,14.0,13.0,4213.0,38.0
115,2020,00-0022942,P.Rivers,644,396.0,11.0,19.0,4367.0,27.0
116,2020,00-0023436,A.Smith,289,168.0,8.0,22.0,1452.0,6.0
117,2020,00-0023459,A.Rodgers,697,428.0,6.0,25.0,4877.0,58.0
118,2020,00-0023682,R.Fitzpatrick,312,183.0,8.0,14.0,2152.0,13.0
119,2020,00-0024417,S.Koch,1,1.0,0.0,0.0,15.0,0.0
120,2020,00-0025825,B.Kern,2,0.0,0.0,0.0,0.0,0.0
121,2020,00-0026143,M.Ryan,720,407.0,11.0,41.0,4430.0,27.0
122,2020,00-0026158,J.Flacco,160,74.0,3.0,7.0,817.0,7.0
123,2020,00-0026197,C.Henne,53,34.0,1.0,3.0,317.0,2.0
124,2020,00-0026498,M.Stafford,617,339.0,10.0,38.0,3951.0,29.0
125,2020,00-0026516,B.Colquitt,2,0.0,0.0,0.0,0.0,0.0
126,2020,00-0026544,C.Daniel,49,29.0,2.0,3.0,251.0,1.0
127,2020,00-0026625,B.Hoyer,27,15.0,1.0,2.0,120.0,0.0
128,2020,00-0027150,J.Edelman,2,2.0,0.0,0.0,38.0,0.0
129,2020,00-0027688,C.McCoy,78,40.0,1.0,5.0,366.0,1.0
130,2020,00-0027891,G.Tate,2,1.0,0.0,0.0,18.0,0.0
131,2020,00-0027939,C.Newton,441,242.0,10.0,31.0,2649.0,10.0
132,2020,00-0027948,B.Gabbert,22,9.0,0.0,1.0,154.0,2.0
133,2020,00-0027973,A.Dalton,388,216.0,8.0,24.0,2072.0,15.0
134,2020,00-0028002,R.Cobb,1,0.0,0.0,0.0,0.0,0.0
135,2020,00-0028118,T.Taylor,37,16.0,0.0,2.0,214.0,0.0
136,2020,00-0028664,C.Jones,1,0.0,0.0,0.0,0.0,0.0
137,2020,00-0028986,C.Keenum,10,5.0,0.0,0.0,46.0,0.0
138,2020,00-0029000,C.Beasley,1,1.0,0.0,0.0,20.0,1.0
139,2020,00-0029263,R.Wilson,732,395.0,14.0,52.0,4565.0,45.0
140,2020,00-0029567,N.Foles,347,202.0,8.0,18.0,1718.0,11.0
141,2020,00-0029604,K.Cousins,610,349.0,13.0,39.0,4157.0,37.0
142,2020,00-0029665,R.Griffin III,20,8.0,2.0,3.0,22.0,1.0
143,2020,00-0029701,R.Tannehill,582,333.0,8.0,25.0,3958.0,37.0
144,2020,00-0030151,T.Bray,4,1.0,0.0,0.0,18.0,0.0
145,2020,00-0030279,K.Allen,1,0.0,0.0,0.0,0.0,0.0
146,2020,00-0030506,T.Kelce,2,1.0,0.0,0.0,4.0,0.0
147,2020,00-0030520,M.Glennon,196,111.0,5.0,9.0,1034.0,7.0
148,2020,00-0030533,M.Barkley,22,11.0,1.0,1.0,190.0,1.0
149,2020,00-0030565,G.Smith,6,4.0,0.0,1.0,30.0,0.0
150,2020,00-0031235,O.Beckham,1,1.0,0.0,0.0,18.0,0.0
151,2020,00-0031237,T.Bridgewater,592,340.0,11.0,31.0,3802.0,18.0
152,2020,00-0031260,L.Thomas,1,1.0,0.0,0.0,28.0,0.0
153,2020,00-0031280,D.Carr,600,348.0,9.0,26.0,4079.0,32.0
154,2020,00-0031288,A.McCarron,2,1.0,0.0,1.0,8.0,0.0
155,2020,00-0031325,S.Watkins,1,0.0,1.0,0.0,0.0,0.0
156,2020,00-0031345,J.Garoppolo,159,94.0,5.0,11.0,1040.0,7.0
157,2020,00-0031382,J.Landry,4,4.0,0.0,0.0,74.0,1.0
158,2020,00-0031395,G.Gilbert,42,21.0,1.0,2.0,246.0,1.0
159,2020,00-0031503,J.Winston,16,8.0,0.0,2.0,123.0,1.0
160,2020,00-0031800,T.Heinicke,79,38.0,1.0,3.0,487.0,3.0
161,2020,00-0031941,J.Crowder,1,1.0,0.0,0.0,43.0,1.0
162,2020,00-0032009,A.Humphries,1,0.0,0.0,1.0,0.0,0.0
163,2020,00-0032268,M.Mariota,32,17.0,1.0,0.0,244.0,2.0
164,2020,00-0032434,B.Allen,166,90.0,4.0,7.0,888.0,5.0
165,2020,00-0032436,J.Driskel,85,35.0,2.0,11.0,351.0,3.0
166,2020,00-0032543,A.Erickson,1,0.0,0.0,0.0,0.0,0.0
167,2020,00-0032792,N.Sudfeld,15,5.0,1.0,2.0,28.0,0.0
168,2020,00-0032943,R.Dixon,2,0.0,0.0,0.0,0.0,0.0
169,2020,00-0032950,C.Wentz,543,251.0,15.0,50.0,2489.0,18.0
170,2020,00-0033009,T.Boyd,2,1.0,0.0,0.0,16.0,0.0
171,2020,00-0033077,D.Prescott,246,151.0,4.0,10.0,1856.0,10.0
172,2020,00-0033106,J.Goff,670,400.0,13.0,29.0,4193.0,25.0
173,2020,00-0033119,J.Brissett,11,2.0,0.0,2.0,4.0,0.0
174,2020,00-0033251,Z.Pascal,1,0.0,0.0,0.0,0.0,0.0
175,2020,00-0033275,P.Walker,61,32.0,5.0,4.0,337.0,1.0
176,2020,00-0033319,N.Mullens,364,211.0,12.0,19.0,2310.0,15.0
177,2020,00-0033357,T.Hill,161,88.0,2.0,15.0,997.0,5.0
178,2020,00-0033466,I.McKenzie,1,1.0,0.0,0.0,12.0,1.0
179,2020,00-0033537,D.Watson,684,382.0,7.0,49.0,4927.0,35.0
180,2020,00-0033572,J.Agnew,1,0.0,0.0,0.0,0.0,0.0
181,2020,00-0033733,G.Ward,2,1.0,0.0,0.0,17.0,0.0
182,2020,00-0033869,M.Trubisky,372,218.0,8.0,19.0,2299.0,19.0
183,2020,00-0033873,P.Mahomes,822,466.0,8.0,26.0,5761.0,43.0
184,2020,00-0033891,Z.Jones,1,1.0,0.0,0.0,29.0,0.0
185,2020,00-0033936,C.Beathard,122,66.0,0.0,9.0,723.0,6.0
186,2020,00-0033949,J.Dobbs,5,4.0,0.0,0.0,2.0,0.0
187,2020,00-0033958,N.Peterman,8,3.0,0.0,2.0,18.0,0.0
188,2020,00-0034162,J.Scott,1,0.0,0.0,0.0,0.0,0.0
189,2020,00-0034177,T.Boyle,1,0.0,0.0,1.0,-11.0,0.0
190,2020,00-0034411,R.Gage,2,1.0,0.0,0.0,39.0,1.0
191,2020,00-0034418,C.Wilson,2,2.0,0.0,0.0,23.0,1.0
192,2020,00-0034438,L.Woodside,3,1.0,0.0,0.0,7.0,0.0
193,2020,00-0034577,K.Allen,107,60.0,1.0,7.0,594.0,6.0
194,2020,00-0034771,M.Rudolph,48,25.0,1.0,1.0,317.0,2.0
195,2020,00-0034796,L.Jackson,533,273.0,11.0,37.0,3328.0,30.0
196,2020,00-0034827,D.Moore,1,0.0,0.0,0.0,0.0,0.0
197,2020,00-0034855,B.Mayfield,642,349.0,9.0,27.0,4022.0,32.0
198,2020,00-0034857,J.Allen,816,473.0,11.0,34.0,5433.0,44.0
199,2020,00-0034869,S.Darnold,446,217.0,11.0,35.0,2185.0,12.0
200,2020,00-0034899,J.Wolford,51,25.0,1.0,3.0,276.0,0.0
201,2020,00-0034941,M.Wishnowsky,1,0.0,0.0,0.0,0.0,0.0
202,2020,00-0034955,B.Rypien,49,27.0,4.0,1.0,295.0,3.0
203,2020,00-0034960,J.Meyers,2,2.0,0.0,0.0,43.0,2.0
204,2020,00-0035040,D.Blough,14,6.0,1.0,1.0,57.0,0.0
205,2020,00-0035146,T.McSorley,11,3.0,0.0,0.0,99.0,1.0
206,2020,00-0035228,K.Murray,663,375.0,12.0,27.0,4216.0,29.0
207,2020,00-0035232,D.Haskins,275,148.0,7.0,20.0,1356.0,5.0
208,2020,00-0035264,J.Stidham,53,22.0,3.0,4.0,242.0,3.0
209,2020,00-0035282,E.Stick,1,1.0,0.0,0.0,4.0,0.0
210,2020,00-0035289,G.Minshew II,395,216.0,5.0,27.0,2272.0,17.0
211,2020,00-0035290,J.Johnson,1,1.0,0.0,0.0,13.0,0.0
212,2020,00-0035510,J.Smith,1,0.0,0.0,1.0,-16.0,0.0
213,2020,00-0035652,R.Finley,43,17.0,2.0,9.0,124.0,1.0
214,2020,00-0035704,D.Lock,507,254.0,15.0,19.0,2942.0,19.0
215,2020,00-0035710,D.Jones,549,280.0,10.0,45.0,2833.0,12.0
216,2020,00-0035752,C.Streveler,21,11.0,1.0,2.0,95.0,2.0
217,2020,00-0035831,J.Robinson,1,0.0,0.0,1.0,-4.0,0.0
218,2020,00-0035864,K.Hinton,11,1.0,2.0,1.0,17.0,0.0
219,2020,00-0035889,T.Townsend,1,1.0,0.0,0.0,13.0,0.0
220,2020,00-0035993,T.Huntley,22,9.0,0.0,1.0,99.0,0.0
221,2020,00-0036142,I.Wright,1,0.0,0.0,0.0,0.0,0.0
222,2020,00-0036212,T.Tagovailoa,344,186.0,5.0,20.0,1773.0,13.0
223,2020,00-0036312,J.Luton,123,60.0,6.0,7.0,585.0,3.0
224,2020,00-0036320,J.Charlton,2,1.0,0.0,1.0,23.0,0.0
225,2020,00-0036355,J.Herbert,684,396.0,10.0,32.0,4261.0,33.0
226,2020,00-0036358,C.Lamb,1,0.0,0.0,1.0,-4.0,0.0
227,2020,00-0036364,L.Bowden,4,1.0,0.0,0.0,43.0,0.0
228,2020,00-0036384,B.DiNucci,51,23.0,0.0,7.0,155.0,1.0
229,2020,00-0036389,J.Hurts,196,77.0,4.0,13.0,1167.0,9.0
230,2020,00-0036442,J.Burrow,468,264.0,5.0,32.0,2540.0,14.0
231,2021,00-0019596,T.Brady,879,544.0,13.0,29.0,5799.0,48.0
232,2021,00-0022824,A.Lee,1,0.0,0.0,0.0,0.0,0.0
233,2021,00-0022924,B.Roethlisberger,738,419.0,10.0,40.0,3724.0,25.0
234,2021,00-0023459,A.Rodgers,641,386.0,4.0,35.0,4234.0,39.0
235,2021,00-0023682,R.Fitzpatrick,9,3.0,0.0,1.0,13.0,0.0
236,2021,00-0024417,S.Koch,1,0.0,0.0,0.0,0.0,0.0
237,2021,00-0026035,D.Amendola,1,0.0,0.0,0.0,0.0,0.0
238,2021,00-0026143,M.Ryan,652,375.0,12.0,40.0,3773.0,23.0
239,2021,00-0026158,J.Flacco,45,27.0,0.0,2.0,326.0,3.0
240,2021,00-0026197,C.Henne,18,11.0,0.0,0.0,86.0,0.0
241,2021,00-0026300,J.Johnson,95,57.0,2.0,3.0,638.0,5.0
242,2021,00-0026498,M.Stafford,830,502.0,20.0,37.0,5887.0,54.0
243,2021,00-0026625,B.Hoyer,11,9.0,0.0,0.0,227.0,1.0
244,2021,00-0027688,C.McCoy,114,74.0,1.0,6.0,713.0,3.0
245,2021,00-0027939,C.Newton,147,69.0,5.0,10.0,639.0,5.0
246,2021,00-0027948,B.Gabbert,14,7.0,0.0,1.0,57.0,0.0
247,2021,00-0027973,A.Dalton,277,149.0,9.0,18.0,1458.0,9.0
248,2021,00-0028118,T.Taylor,187,91.0,5.0,13.0,995.0,8.0
249,2021,00-0028872,J.Hekker,3,1.0,0.0,0.0,2.0,0.0
250,2021,00-0028986,C.Keenum,81,47.0,1.0,5.0,452.0,4.0
251,2021,00-0029000,C.Beasley,1,0.0,0.0,0.0,0.0,0.0
252,2021,00-0029263,R.Wilson,482,259.0,6.0,33.0,3016.0,28.0
253,2021,00-0029567,N.Foles,43,24.0,0.0,4.0,239.0,1.0
254,2021,00-0029604,K.Cousins,635,372.0,7.0,28.0,4148.0,33.0
255,2021,00-0029692,B.Anger,1,1.0,0.0,0.0,16.0,0.0
256,2021,00-0029701,R.Tannehill,657,372.0,17.0,48.0,3822.0,26.0
257,2021,00-0029747,C.Banjo,1,1.0,0.0,0.0,23.0,0.0
258,2021,00-0030279,K.Allen,2,0.0,0.0,0.0,2.0,0.0
259,2021,00-0030288,R.Burkhead,1,0.0,0.0,0.0,0.0,0.0
260,2021,00-0030506,T.Kelce,1,1.0,0.0,0.0,2.0,1.0
261,2021,00-0030520,M.Glennon,190,90.0,10.0,9.0,755.0,7.0
262,2021,00-0030565,G.Smith,117,65.0,1.0,13.0,622.0,5.0
263,2021,00-0030578,C.Patterson,1,0.0,0.0,0.0,0.0,0.0
264,2021,00-0030669,A.Wilson,2,0.0,0.0,1.0,-1.0,0.0
265,2021,00-0031136,C.Boswell,1,0.0,0.0,0.0,0.0,0.0
266,2021,00-0031235,O.Beckham,1,1.0,0.0,0.0,40.0,0.0
267,2021,00-0031237,T.Bridgewater,494,285.0,7.0,31.0,2942.0,20.0
268,2021,00-0031280,D.Carr,781,457.0,15.0,43.0,4968.0,26.0
269,2021,00-0031345,J.Garoppolo,579,344.0,15.0,33.0,4148.0,22.0
270,2021,00-0031382,J.Landry,3,0.0,0.0,1.0,23.0,1.0
271,2021,00-0031395,G.Gilbert,34,20.0,0.0,2.0,174.0,0.0
272,2021,00-0031503,J.Winston,197,95.0,3.0,11.0,1263.0,15.0
273,2021,00-0031543,T.Long,1,0.0,0.0,0.0,0.0,0.0
274,2021,00-0031588,S.Diggs,1,0.0,0.0,1.0,-2.0,0.0
275,2021,00-0031800,T.Heinicke,610,321.0,15.0,38.0,3419.0,23.0
276,2021,00-0031941,J.Crowder,3,0.0,0.0,1.0,-1.0,0.0
277,2021,00-0032156,T.Siemian,218,108.0,3.0,9.0,1112.0,13.0
278,2021,00-0032245,S.Mannion,41,22.0,0.0,2.0,185.0,1.0
279,2021,00-0032268,M.Mariota,2,1.0,0.0,0.0,4.0,0.0
280,2021,00-0032434,B.Allen,41,17.0,0.0,4.0,116.0,2.0
281,2021,00-0032496,M.Farley,1,1.0,0.0,0.0,6.0,0.0
282,2021,00-0032764,D.Henry,1,1.0,0.0,0.0,5.0,1.0
283,2021,00-0032943,R.Dixon,1,0.0,0.0,0.0,0.0,0.0
284,2021,00-0032950,C.Wentz,620,322.0,7.0,32.0,3525.0,28.0
285,2021,00-0033009,T.Boyd,1,1.0,0.0,0.0,46.0,0.0
286,2021,00-0033045,E.Elliott,1,1.0,0.0,0.0,4.0,0.0
287,2021,00-0033077,D.Prescott,753,433.0,11.0,35.0,4661.0,42.0
288,2021,00-0033106,J.Goff,568,332.0,8.0,35.0,3040.0,21.0
289,2021,00-0033119,J.Brissett,274,141.0,4.0,19.0,1218.0,6.0
290,2021,00-0033275,P.Walker,78,36.0,3.0,7.0,335.0,1.0
291,2021,00-0033307,K.Bourne,1,1.0,0.0,0.0,25.0,1.0
292,2021,00-0033319,N.Mullens,30,20.0,0.0,0.0,147.0,1.0
293,2021,00-0033357,T.Hill,159,78.0,5.0,9.0,1032.0,5.0
294,2021,00-0033662,C.Rush,57,30.0,1.0,3.0,405.0,3.0
295,2021,00-0033681,K.Cole,1,0.0,0.0,0.0,0.0,0.0
296,2021,00-0033733,G.Ward,2,1.0,0.0,0.0,2.0,0.0
297,2021,00-0033856,L.Fournette,1,0.0,0.0,0.0,0.0,0.0
298,2021,00-0033869,M.Trubisky,9,6.0,1.0,0.0,65.0,0.0
299,2021,00-0033873,P.Mahomes,933,525.0,16.0,37.0,6190.0,52.0
300,2021,00-0033897,J.Mixon,1,1.0,0.0,0.0,6.0,1.0
301,2021,00-0033908,C.Kupp,2,0.0,0.0,0.0,0.0,0.0
302,2021,00-0033936,C.Beathard,3,2.0,0.0,0.0,33.0,0.0
303,2021,00-0034052,B.Zylstra,1,0.0,0.0,0.0,0.0,0.0
304,2021,00-0034177,T.Boyle,100,61.0,6.0,0.0,542.0,3.0
305,2021,00-0034343,J.Rosen,11,2.0,2.0,0.0,19.0,1.0
306,2021,00-0034348,C.Sutton,1,1.0,0.0,0.0,16.0,0.0
307,2021,00-0034401,M.White,146,88.0,8.0,4.0,935.0,5.0
308,2021,00-0034418,C.Wilson,3,3.0,0.0,0.0,88.0,0.0
309,2021,00-0034577,K.Allen,22,12.0,0.0,2.0,115.0,1.0
310,2021,00-0034771,M.Rudolph,64,35.0,1.0,0.0,331.0,1.0
311,2021,00-0034775,C.Kirk,1,1.0,0.0,0.0,33.0,0.0
312,2021,00-0034796,L.Jackson,492,246.0,13.0,38.0,3096.0,18.0
313,2021,00-0034829,M.Gesicki,1,0.0,0.0,0.0,0.0,0.0
314,2021,00-0034855,B.Mayfield,514,253.0,13.0,43.0,2876.0,18.0
315,2021,00-0034857,J.Allen,832,457.0,15.0,28.0,5361.0,46.0
316,2021,00-0034860,D.Pettis,1,1.0,0.0,0.0,16.0,0.0
317,2021,00-0034869,S.Darnold,487,243.0,13.0,35.0,2512.0,10.0
318,2021,00-0034899,J.Wolford,5,1.0,1.0,1.0,-3.0,0.0
319,2021,00-0034955,B.Rypien,2,0.0,0.0,0.0,0.0,0.0
320,2021,00-0034960,J.Meyers,2,2.0,0.0,0.0,45.0,0.0
321,2021,00-0035040,D.Blough,2,0.0,0.0,1.0,0.0,0.0
322,2021,00-0035156,J.Fox,3,2.0,0.0,0.0,38.0,0.0
323,2021,00-0035228,K.Murray,612,352.0,12.0,33.0,3847.0,28.0
324,2021,00-0035289,G.Minshew II,74,41.0,1.0,5.0,427.0,4.0
325,2021,00-0035544,T.Kennedy,1,1.0,0.0,0.0,75.0,1.0
326,2021,00-0035676,A.Brown,2,0.0,0.0,0.0,0.0,0.0
327,2021,00-0035685,D.Montgomery,1,0.0,1.0,0.0,0.0,0.0
328,2021,00-0035689,D.Knox,1,0.0,0.0,0.0,2.0,0.0
329,2021,00-0035704,D.Lock,137,67.0,2.0,9.0,783.0,4.0
330,2021,00-0035710,D.Jones,436,232.0,7.0,22.0,2419.0,10.0
331,2021,00-0035719,D.Samuel,2,1.0,0.0,0.0,24.0,1.0
332,2021,00-0035752,C.Streveler,12,6.0,0.0,2.0,23.0,0.0
333,2021,00-0035859,B.Gillikin,1,0.0,0.0,0.0,0.0,0.0
334,2021,00-0035864,K.Hinton,1,1.0,0.0,0.0,1.0,0.0
335,2021,00-0035889,T.Townsend,1,1.0,0.0,0.0,16.0,0.0
336,2021,00-0035993,T.Huntley,242,122.0,4.0,18.0,1177.0,6.0
337,2021,00-0036197,J.Fromm,73,27.0,3.0,6.0,239.0,2.0
338,2021,00-0036212,T.Tagovailoa,457,263.0,10.0,20.0,2628.0,17.0
339,2021,00-0036226,J.Eason,5,2.0,1.0,0.0,25.0,0.0
340,2021,00-0036264,J.Love,73,36.0,3.0,3.0,421.0,2.0
341,2021,00-0036275,D.Swift,1,0.0,0.0,0.0,0.0,0.0
342,2021,00-0036322,J.Jefferson,4,2.0,0.0,0.0,35.0,0.0
343,2021,00-0036355,J.Herbert,791,443.0,15.0,31.0,5089.0,44.0
344,2021,00-0036389,J.Hurts,587,288.0,11.0,28.0,3668.0,20.0
345,2021,00-0036442,J.Burrow,793,463.0,16.0,70.0,5356.0,43.0
346,2021,00-0036825,F.Franks,1,0.0,1.0,0.0,0.0,0.0
347,2021,00-0036898,D.Mills,466,263.0,10.0,31.0,2502.0,16.0
348,2021,00-0036913,K.Toney,4,1.0,0.0,1.0,13.0,0.0
349,2021,00-0036929,I.Book,31,12.0,2.0,8.0,84.0,1.0
350,2021,00-0036945,J.Fields,374,159.0,10.0,36.0,1973.0,9.0
351,2021,00-0036946,K.Mond,3,2.0,0.0,0.0,5.0,0.0
352,2021,00-0036971,T.Lawrence,704,359.0,17.0,32.0,3641.0,14.0
353,2021,00-0036972,M.Jones,640,376.0,15.0,31.0,3904.0,28.0
354,2021,00-0037012,T.Lance,94,41.0,2.0,4.0,688.0,5.0
355,2021,00-0037013,Z.Wilson,467,213.0,11.0,44.0,2148.0,10.0
356,2022,00-0019596,T.Brady,873,525.0,10.0,24.0,4878.0,27.0
357,2022,00-0022824,A.Lee,1,1.0,0.0,0.0,4.0,0.0
358,2022,00-0023459,A.Rodgers,621,350.0,12.0,32.0,3543.0,28.0
359,2022,00-0026143,M.Ryan,534,309.0,13.0,38.0,2850.0,16.0
360,2022,00-0026158,J.Flacco,212,110.0,3.0,10.0,992.0,5.0
361,2022,00-0026197,C.Henne,9,5.0,0.0,0.0,23.0,1.0
362,2022,00-0026300,J.Johnson,17,8.0,0.0,2.0,70.0,0.0
363,2022,00-0026498,M.Stafford,346,206.0,8.0,29.0,1894.0,14.0
364,2022,00-0026544,C.Daniel,15,8.0,0.0,1.0,57.0,1.0
365,2022,00-0026625,B.Hoyer,7,5.0,0.0,1.0,29.0,0.0
366,2022,00-0027688,C.McCoy,162,90.0,3.0,13.0,717.0,2.0
367,2022,00-0027948,B.Gabbert,8,6.0,0.0,0.0,29.0,1.0
368,2022,00-0027973,A.Dalton,430,252.0,9.0,25.0,2737.0,20.0
369,2022,00-0028118,T.Taylor,16,6.0,1.0,3.0,99.0,1.0
370,2022,00-0028986,C.Keenum,7,2.0,0.0,0.0,8.0,0.0
371,2022,00-0029263,R.Wilson,609,292.0,11.0,55.0,3374.0,18.0
372,2022,00-0029567,N.Foles,53,25.0,4.0,8.0,185.0,1.0
373,2022,00-0029604,K.Cousins,781,455.0,14.0,46.0,4606.0,34.0
374,2022,00-0029701,R.Tannehill,393,212.0,6.0,33.0,2393.0,15.0
375,2022,00-0030288,R.Burkhead,1,0.0,0.0,0.0,0.0,0.0
376,2022,00-0030565,G.Smith,737,424.0,12.0,49.0,4497.0,33.0
377,2022,00-0031237,T.Bridgewater,91,49.0,4.0,7.0,665.0,5.0
378,2022,00-0031280,D.Carr,574,305.0,14.0,27.0,3427.0,27.0
379,2022,00-0031345,J.Garoppolo,348,207.0,4.0,18.0,2348.0,16.0
380,2022,00-0031381,D.Adams,1,0.0,0.0,1.0,-10.0,0.0
381,2022,00-0031503,J.Winston,135,73.0,5.0,11.0,797.0,5.0
382,2022,00-0031544,A.Cooper,1,0.0,1.0,0.0,0.0,0.0
383,2022,00-0031800,T.Heinicke,301,161.0,6.0,19.0,1794.0,14.0
384,2022,00-0032156,T.Siemian,29,15.0,1.0,2.0,176.0,1.0
385,2022,00-0032208,P.Dorsett,1,0.0,0.0,0.0,0.0,0.0
386,2022,00-0032268,M.Mariota,370,184.0,9.0,28.0,2228.0,15.0
387,2022,00-0032434,B.Allen,4,3.0,0.0,1.0,22.0,0.0
388,2022,00-0032436,J.Driskel,24,14.0,0.0,2.0,110.0,1.0
389,2022,00-0032764,D.Henry,3,2.0,0.0,0.0,4.0,1.0
390,2022,00-0032792,N.Sudfeld,1,0.0,0.0,1.0,-7.0,0.0
391,2022,00-0032943,R.Dixon,2,2.0,0.0,0.0,18.0,0.0
392,2022,00-0032950,C.Wentz,337,172.0,9.0,26.0,1681.0,11.0
393,2022,00-0033009,T.Boyd,2,1.0,0.0,1.0,11.0,0.0
394,2022,00-0033077,D.Prescott,529,309.0,17.0,22.0,3346.0,31.0
395,2022,00-0033106,J.Goff,661,382.0,7.0,23.0,4363.0,32.0
396,2022,00-0033119,J.Brissett,445,236.0,6.0,24.0,2647.0,14.0
397,2022,00-0033275,P.Walker,120,63.0,3.0,7.0,711.0,4.0
398,2022,00-0033280,C.McCaffrey,2,1.0,0.0,0.0,34.0,1.0
399,2022,00-0033319,N.Mullens,26,21.0,1.0,0.0,228.0,1.0
400,2022,00-0033357,T.Hill,23,13.0,0.0,2.0,226.0,2.0
401,2022,00-0033537,D.Watson,214,99.0,5.0,20.0,1093.0,7.0
402,2022,00-0033550,D.Webb,43,23.0,0.0,0.0,184.0,1.0
403,2022,00-0033555,M.Hollins,1,1.0,0.0,0.0,4.0,0.0
404,2022,00-0033662,C.Rush,180,94.0,3.0,7.0,1010.0,5.0
405,2022,00-0033856,L.Fournette,1,0.0,1.0,0.0,0.0,0.0
406,2022,00-0033869,M.Trubisky,206,117.0,5.0,11.0,1204.0,5.0
407,2022,00-0033873,P.Mahomes,880,507.0,12.0,29.0,6169.0,52.0
408,2022,00-0033893,D.Cook,1,0.0,0.0,1.0,-5.0,0.0
409,2022,00-0033908,C.Kupp,1,0.0,0.0,0.0,0.0,0.0
410,2022,00-0033936,C.Beathard,12,7.0,1.0,1.0,30.0,0.0
411,2022,00-0033949,J.Dobbs,78,40.0,2.0,6.0,408.0,3.0
412,2022,00-0033958,N.Peterman,27,14.0,1.0,1.0,140.0,1.0
413,2022,00-0034177,T.Boyle,9,2.0,2.0,0.0,33.0,0.0
414,2022,00-0034401,M.White,188,103.0,4.0,9.0,1120.0,3.0
415,2022,00-0034418,C.Wilson,1,0.0,0.0,1.0,-6.0,0.0
416,2022,00-0034419,B.Berrios,1,1.0,0.0,0.0,2.0,1.0
417,2022,00-0034577,K.Allen,89,46.0,4.0,5.0,384.0,4.0
418,2022,00-0034775,C.Kirk,1,0.0,0.0,0.0,0.0,0.0
419,2022,00-0034796,L.Jackson,398,203.0,7.0,26.0,2335.0,17.0
420,2022,00-0034855,B.Mayfield,407,201.0,8.0,36.0,2028.0,12.0
421,2022,00-0034857,J.Allen,785,407.0,17.0,41.0,5233.0,41.0
422,2022,00-0034869,S.Darnold,167,82.0,3.0,10.0,1146.0,7.0
423,2022,00-0034899,J.Wolford,75,38.0,3.0,7.0,356.0,1.0
424,2022,00-0034955,B.Rypien,99,53.0,4.0,8.0,442.0,3.0
425,2022,00-0035040,D.Blough,70,38.0,2.0,5.0,385.0,2.0
426,2022,00-0035042,J.Gillan,1,0.0,0.0,1.0,-11.0,0.0
427,2022,00-0035146,T.McSorley,95,45.0,5.0,3.0,418.0,0.0
428,2022,00-0035156,J.Fox,1,1.0,0.0,0.0,6.0,0.0
429,2022,00-0035228,K.Murray,465,259.0,7.0,25.0,2389.0,17.0
430,2022,00-0035264,J.Stidham,107,53.0,3.0,7.0,688.0,4.0
431,2022,00-0035289,G.Minshew II,86,44.0,3.0,6.0,639.0,4.0
432,2022,00-0035710,D.Jones,687,356.0,6.0,52.0,3842.0,19.0
433,2022,00-0035752,C.Streveler,20,10.0,0.0,0.0,121.0,0.0
434,2022,00-0035889,T.Townsend,1,0.0,0.0,0.0,0.0,0.0
435,2022,00-0035939,B.Perkins,46,19.0,2.0,6.0,156.0,1.0
436,2022,00-0035993,T.Huntley,174,92.0,4.0,9.0,931.0,4.0
437,2022,00-0036133,J.Proche,1,0.0,1.0,0.0,0.0,0.0
438,2022,00-0036145,L.Cager,1,0.0,0.0,1.0,-2.0,0.0
439,2022,00-0036212,T.Tagovailoa,453,259.0,8.0,21.0,3461.0,26.0
440,2022,00-0036226,J.Eason,5,3.0,1.0,0.0,59.0,0.0
441,2022,00-0036264,J.Love,20,14.0,0.0,0.0,195.0,1.0
442,2022,00-0036313,B.Mann,2,1.0,0.0,0.0,17.0,0.0
443,2022,00-0036322,J.Jefferson,4,3.0,0.0,0.0,40.0,0.0
444,2022,00-0036326,C.Claypool,1,1.0,0.0,0.0,1.0,1.0
445,2022,00-0036355,J.Herbert,832,502.0,10.0,41.0,4944.0,27.0
446,2022,00-0036358,C.Lamb,1,0.0,0.0,0.0,0.0,0.0
447,2022,00-0036389,J.Hurts,672,364.0,6.0,42.0,4387.0,29.0
448,2022,00-0036425,D.Dallas,1,0.0,1.0,0.0,0.0,0.0
449,2022,00-0036442,J.Burrow,854,486.0,14.0,51.0,5146.0,42.0
450,2022,00-0036879,S.Ehlinger,132,64.0,3.0,14.0,557.0,5.0
451,2022,00-0036893,N.Harris,1,1.0,0.0,0.0,4.0,0.0
452,2022,00-0036898,D.Mills,559,292.0,15.0,31.0,2982.0,24.0
453,2022,00-0036900,J.Chase,1,0.0,0.0,1.0,-9.0,0.0
454,2022,00-0036928,K.Trask,9,3.0,0.0,0.0,23.0,0.0
455,2022,00-0036945,J.Fields,469,192.0,11.0,55.0,2527.0,21.0
456,2022,00-0036971,T.Lawrence,764,439.0,13.0,31.0,4663.0,30.0
457,2022,00-0036972,M.Jones,521,288.0,11.0,34.0,2883.0,16.0
458,2022,00-0037012,T.Lance,39,15.0,1.0,2.0,200.0,0.0
459,2022,00-0037013,Z.Wilson,288,132.0,7.0,23.0,1610.0,7.0
460,2022,00-0037077,S.Howell,28,11.0,1.0,3.0,185.0,1.0
461,2022,00-0037175,A.Brown,54,22.0,2.0,5.0,288.0,1.0
462,2022,00-0037327,S.Thompson,180,78.0,5.0,10.0,708.0,2.0
463,2022,00-0037500,R.Wright,2,1.0,0.0,0.0,13.0,0.0
464,2022,00-0037740,G.Wilson,1,0.0,0.0,0.0,0.0,0.0
465,2022,00-0037834,B.Purdy,273,155.0,4.0,15.0,1884.0,17.0
466,2022,00-0038102,K.Pickett,476,245.0,9.0,27.0,2424.0,8.0
467,2022,00-0038108,B.Zappe,109,65.0,3.0,6.0,746.0,5.0
468,2022,00-0038122,D.Ridder,143,73.0,0.0,9.0,736.0,2.0
469,2022,00-0038128,M.Willis,84,31.0,3.0,10.0,274.0,0.0
470,2023,00-0023459,A.Rodgers,3,0.0,0.0,1.0,-10.0,0.0
471,2023,00-0026158,J.Flacco,276,157.0,10.0,12.0,1839.0,18.0
472,2023,00-0026498,M.Stafford,638,351.0,11.0,32.0,4192.0,27.0
473,2023,00-0026625,B.Hoyer,47,23.0,2.0,1.0,223.0,1.0
474,2023,00-0027114,T.Morstead,1,1.0,0.0,0.0,18.0,0.0
475,2023,00-0027948,B.Gabbert,41,18.0,3.0,1.0,223.0,0.0
476,2023,00-0027973,A.Dalton,66,34.0,0.0,3.0,344.0,2.0
477,2023,00-0028118,T.Taylor,235,116.0,3.0,17.0,1390.0,5.0
478,2023,00-0028872,J.Hekker,1,1.0,0.0,0.0,7.0,0.0
479,2023,00-0028986,C.Keenum,68,34.0,3.0,6.0,231.0,2.0
480,2023,00-0029263,R.Wilson,562,297.0,8.0,45.0,3081.0,27.0
481,2023,00-0029604,K.Cousins,350,216.0,5.0,17.0,2242.0,19.0
482,2023,00-0029692,B.Anger,1,0.0,0.0,0.0,2.0,0.0
483,2023,00-0029701,R.Tannehill,288,149.0,7.0,32.0,1452.0,4.0
484,2023,00-0030279,K.Allen,2,1.0,0.0,0.0,49.0,1.0
485,2023,00-0030564,D.Hopkins,2,0.0,0.0,0.0,5.0,0.0
486,2023,00-0030565,G.Smith,584,323.0,9.0,31.0,3554.0,21.0
487,2023,00-0031280,D.Carr,609,375.0,8.0,31.0,3715.0,27.0
488,2023,00-0031288,A.McCarron,7,4.0,0.0,1.0,10.0,0.0
489,2023,00-0031345,J.Garoppolo,202,110.0,9.0,14.0,1145.0,7.0
490,2023,00-0031376,J.McKinnon,1,1.0,0.0,0.0,4.0,1.0
491,2023,00-0031503,J.Winston,52,25.0,3.0,2.0,251.0,2.0
492,2023,00-0031800,T.Heinicke,159,74.0,4.0,8.0,968.0,6.0
493,2023,00-0032156,T.Siemian,177,86.0,4.0,8.0,719.0,3.0
494,2023,00-0032268,M.Mariota,28,15.0,1.0,3.0,170.0,1.0
495,2023,00-0032436,J.Driskel,32,13.0,2.0,3.0,166.0,2.0
496,2023,00-0032764,D.Henry,3,2.0,0.0,0.0,14.0,2.0
497,2023,00-0032950,C.Wentz,35,17.0,1.0,2.0,162.0,2.0
498,2023,00-0033009,T.Boyd,1,0.0,1.0,0.0,0.0,0.0
499,2023,00-0033077,D.Prescott,778,451.0,11.0,43.0,4885.0,42.0
500,2023,00-0033106,J.Goff,790,484.0,12.0,37.0,5212.0,37.0
501,2023,00-0033119,J.Brissett,29,18.0,0.0,0.0,243.0,3.0
502,2023,00-0033275,P.Walker,134,54.0,5.0,11.0,601.0,1.0
503,2023,00-0033319,N.Mullens,171,100.0,8.0,12.0,1221.0,7.0
504,2023,00-0033357,T.Hill,17,6.0,0.0,2.0,107.0,1.0
505,2023,00-0033537,D.Watson,215,105.0,4.0,17.0,1135.0,10.0
506,2023,00-0033557,J.Reeves-Maybin,1,1.0,0.0,0.0,31.0,0.0
507,2023,00-0033662,C.Rush,26,18.0,1.0,1.0,136.0,0.0
508,2023,00-0033858,J.Smith,1,0.0,0.0,0.0,0.0,0.0
509,2023,00-0033869,M.Trubisky,131,67.0,5.0,7.0,642.0,4.0
510,2023,00-0033873,P.Mahomes,893,505.0,15.0,32.0,5557.0,35.0
511,2023,00-0033921,C.Godwin,1,0.0,0.0,0.0,0.0,0.0
512,2023,00-0033936,C.Beathard,68,40.0,0.0,6.0,360.0,1.0
513,2023,00-0033949,J.Dobbs,519,262.0,10.0,30.0,2530.0,18.0
514,2023,00-0033958,N.Peterman,1,0.0,0.0,1.0,-5.0,0.0
515,2023,00-0034177,T.Boyle,89,48.0,4.0,9.0,296.0,2.0
516,2023,00-0034401,M.White,6,5.0,1.0,0.0,74.0,2.0
517,2023,00-0034418,C.Wilson,1,0.0,0.0,1.0,-7.0,0.0
518,2023,00-0034437,L.Cooke,1,1.0,0.0,0.0,13.0,0.0
519,2023,00-0034438,L.Woodside,6,3.0,1.0,1.0,26.0,0.0
520,2023,00-0034613,T.Hudson,1,0.0,0.0,1.0,-4.0,0.0
521,2023,00-0034771,M.Rudolph,128,77.0,1.0,7.0,919.0,5.0
522,2023,00-0034775,C.Kirk,2,1.0,0.0,0.0,-1.0,0.0
523,2023,00-0034796,L.Jackson,677,343.0,8.0,44.0,4372.0,29.0
524,2023,00-0034855,B.Mayfield,773,412.0,12.0,48.0,4645.0,34.0
525,2023,00-0034857,J.Allen,772,432.0,18.0,26.0,5017.0,40.0
526,2023,00-0034869,S.Darnold,58,28.0,1.0,6.0,272.0,2.0
527,2023,00-0034955,B.Rypien,46,18.0,1.0,2.0,173.0,0.0
528,2023,00-0034960,J.Meyers,4,2.0,0.0,0.0,17.0,2.0
529,2023,00-0035100,J.Browning,298,171.0,7.0,24.0,1892.0,14.0
530,2023,00-0035228,K.Murray,322,176.0,5.0,18.0,1843.0,12.0
531,2023,00-0035250,D.Singletary,1,1.0,0.0,0.0,6.0,1.0
532,2023,00-0035264,J.Stidham,80,40.0,1.0,7.0,459.0,2.0
533,2023,00-0035282,E.Stick,206,111.0,1.0,14.0,1075.0,6.0
534,2023,00-0035289,G.Minshew II,579,305.0,9.0,34.0,3235.0,19.0
535,2023,00-0035639,P.Campbell,1,0.0,0.0,1.0,-8.0,0.0
536,2023,00-0035700,J.Jacobs,1,0.0,0.0,1.0,-4.0,0.0
537,2023,00-0035704,D.Lock,92,48.0,3.0,6.0,533.0,3.0
538,2023,00-0035710,D.Jones,221,108.0,6.0,30.0,902.0,4.0
539,2023,00-0035719,D.Samuel,1,0.0,0.0,0.0,0.0,0.0
540,2023,00-0035889,T.Townsend,1,1.0,0.0,0.0,11.0,0.0
541,2023,00-0035993,T.Huntley,48,21.0,0.0,4.0,216.0,3.0
542,2023,00-0036212,T.Tagovailoa,675,408.0,15.0,31.0,4753.0,33.0
543,2023,00-0036259,J.Jennings,1,1.0,0.0,0.0,21.0,1.0
544,2023,00-0036264,J.Love,723,409.0,13.0,30.0,4595.0,37.0
545,2023,00-0036313,B.Mann,1,1.0,0.0,0.0,28.0,0.0
546,2023,00-0036322,J.Jefferson,1,0.0,0.0,0.0,0.0,0.0
547,2023,00-0036355,J.Herbert,548,297.0,7.0,29.0,3143.0,21.0
548,2023,00-0036389,J.Hurts,693,377.0,15.0,39.0,4197.0,27.0
549,2023,00-0036414,C.Akers,1,0.0,0.0,1.0,-7.0,0.0
550,2023,00-0036425,D.Dallas,1,0.0,0.0,1.0,0.0,0.0
551,2023,00-0036442,J.Burrow,421,244.0,6.0,24.0,2220.0,15.0
552,2023,00-0036626,D.Brown,1,1.0,0.0,0.0,4.0,0.0
553,2023,00-0036849,T.Atwell,1,0.0,0.0,0.0,2.0,0.0
554,2023,00-0036898,D.Mills,45,19.0,0.0,2.0,177.0,2.0
555,2023,00-0036900,J.Chase,1,1.0,0.0,0.0,-7.0,0.0
556,2023,00-0036913,K.Toney,1,0.0,0.0,0.0,0.0,0.0
557,2023,00-0036919,K.Gainwell,1,1.0,0.0,0.0,17.0,0.0
558,2023,00-0036928,K.Trask,1,0.0,0.0,0.0,0.0,0.0
559,2023,00-0036945,J.Fields,478,227.0,9.0,44.0,2637.0,22.0
560,2023,00-0036963,St. Brown,1,0.0,0.0,1.0,-8.0,0.0
561,2023,00-0036971,T.Lawrence,677,370.0,14.0,35.0,4122.0,23.0
562,2023,00-0036972,M.Jones,394,224.0,12.0,22.0,2078.0,14.0
563,2023,00-0037013,Z.Wilson,460,221.0,7.0,46.0,2147.0,8.0
564,2023,00-0037077,S.Howell,746,388.0,21.0,65.0,3738.0,29.0
565,2023,00-0037238,D.London,1,1.0,0.0,0.0,22.0,0.0
566,2023,00-0037304,Co.Heyward,1,0.0,0.0,0.0,0.0,0.0
567,2023,00-0037740,G.Wilson,1,0.0,0.0,0.0,0.0,0.0
568,2023,00-0037816,R.Doubs,1,0.0,0.0,0.0,0.0,0.0
569,2023,00-0037834,B.Purdy,632,374.0,12.0,32.0,5094.0,35.0
570,2023,00-0038102,K.Pickett,383,201.0,4.0,23.0,1968.0,6.0
571,2023,00-0038108,B.Zappe,252,127.0,9.0,25.0,1157.0,8.0
572,2023,00-0038115,D.Bellinger,1,0.0,0.0,0.0,0.0,0.0
573,2023,00-0038122,D.Ridder,461,249.0,12.0,31.0,2772.0,13.0
574,2023,00-0038128,M.Willis,15,4.0,0.0,4.0,61.0,0.0
575,2023,00-0038391,S.Clifford,1,1.0,0.0,0.0,37.0,0.0
576,2023,00-0038393,D.Wicks,1,1.0,0.0,0.0,14.0,0.0
577,2023,00-0038416,T.Bagent,165,94.0,6.0,5.0,918.0,4.0
578,2023,00-0038476,T.DeVito,243,114.0,3.0,37.0,1028.0,8.0
579,2023,00-0038579,A.O'Connell,376,213.0,7.0,24.0,2045.0,12.0
580,2023,00-0038582,C.Tune,35,12.0,2.0,7.0,49.0,0.0
581,2023,00-0038583,D.Thompson-Robinson,129,60.0,4.0,6.0,420.0,1.0
582,2023,00-0038598,J.Hall,27,13.0,1.0,4.0,156.0,0.0
583,2023,00-0038911,M.Cunningham,1,0.0,0.0,1.0,-5.0,0.0
584,2023,00-0038977,N.Dell,1,0.0,0.0,1.0,-1.0,0.0
585,2023,00-0039040,D.Achane,1,0.0,0.0,1.0,-6.0,0.0
586,2023,00-0039150,B.Young,658,315.0,10.0,62.0,2661.0,15.0
587,2023,00-0039152,W.Levis,308,149.0,4.0,28.0,1682.0,10.0
588,2023,00-0039163,C.Stroud,645,354.0,5.0,38.0,4383.0,28.0
589,2023,00-0039164,A.Richardson,107,50.0,1.0,7.0,589.0,3.0
